<?xml version="1.0" encoding="UTF-8"?>
<beans xmlns="http://www.springframework.org/schema/beans" xmlns:context="http://www.springframework.org/schema/context"
xmlns:xsi="http://www.w3.org/2001/XMLSchema-instance" xmlns:mvc="http://www.springframework.org/schema/mvc"
 
xsi:schemaLocation="http://www.springframework.org/schema/beans http://www.springframework.org/schema/beans/spring-beans-4.0.xsd
http://www.springframework.org/schema/context
http://www.springframework.org/schema/context/spring-context-4.0.xsd
http://www.springframework.org/schema/mvc http://www.springframework.org/schema/mvc/spring-mvc.xsd">
       <mvc:annotation-driven></mvc:annotation-driven>
     
       <context:component-scan base-package="com.sandals" />
       
       
<mvc:resources location="/resources/" mapping="/resources/**"></mvc:resources>       
     
       <bean id="viewResolver" class="org.springframework.web.servlet.view.InternalResourceViewResolver">
             <property name="prefix" value="/WEB-INF/views/"/>   
             <property name="suffix" value=".jsp"/>
       </bean>
       
       
       <bean id="multipartResolver" class="org.springframework.web.multipart.commons.CommonsMultipartResolver">
       
       
       </bean>
       
       
      
</beans>