<?xml version="1.0" encoding="UTF-8"?>
<beans:beans xmlns="http://www.springframework.org/schema/security"
    xmlns:beans="http://www.springframework.org/schema/beans" 
    xmlns:xsi="http://www.w3.org/2001/XMLSchema-instance"
    xsi:schemaLocation="http://www.springframework.org/schema/beans
    http://www.springframework.org/schema/beans/spring-beans-4.1.xsd
    http://www.springframework.org/schema/security
    http://www.springframework.org/schema/security/spring-security-4.1.xsd">

	<http auto-config="true" use-expressions="true">
		<intercept-url pattern="/admin.akc" access="hasRole('ROLE_ADMIN')" />
		<logout logout-success-url="/"/>
		
		
		<form-login login-page="/login.aks"
		default-target-url="/"
		login-processing-url="/j_spring_security_check"
		authentication-failure-url="/login?error"
		authentication-success-forward-url="/login_session_attributes"
		username-parameter="username"
		password-parameter="password" />
	<csrf disabled="true"/>
	</http>

	<authentication-manager>
	  <authentication-provider>
	    <jdbc-user-service data-source-ref="dataSource"
		users-by-username-query="select USER_CREDENTIALNAME, USER_CREDENTIALPASSWORD, 'true' as enabled from USERCREDENTIALS where USER_CREDENTIALNAME=?"
		authorities-by-username-query="select USER_CREDENTIALNAME, USER_CREDENTIALROLE from USERCREDENTIALS where USER_CREDENTIALNAME=?"
	    />
	  </authentication-provider>
	</authentication-manager>

</beans:beans>